Wavelength,S2c,Wavelength,S2
nm,V,nm,V
1100,0.00104259442583084,1100,9.2844E-4
1110,8.79133701052666E-4,1110,7.9604E-4
1120,9.71958247408867E-4,1120,8.9204E-4
1130,8.20651922168732E-4,1130,7.6136E-4
1140,0.00100997449585915,1140,9.4472E-4
1150,0.00104069971492291,1150,9.794E-4
1160,0.0010218258446455,1160,9.65E-4
1170,8.67268819599152E-4,1170,8.1932E-4
1180,7.78147007827759E-4,1180,7.3432E-4
1190,0.00105662815534115,1190,9.9484E-4
1200,7.68809255123139E-4,1200,7.2208E-4
1210,9.76388643422127E-4,1210,9.1508E-4
1220,9.37079386339188E-4,1220,8.7688E-4
1230,0.0010082166001606,1230,9.4216E-4
1240,0.00105072623910427,1240,9.8172E-4
1250,9.50179338302612E-4,1250,8.8768E-4
1260,0.00114365260811806,1260,0.00106796
1270,0.00100574764112949,1270,9.3916E-4
1280,0.00113134097063541,1280,0.0010566
1290,0.0010082363269043,1290,9.4716E-4
1300,0.00134786810719013,1300,0.00128484
1310,9.60631258964539E-4,1310,9.336E-4
1320,0.00103803711276054,1320,0.00102824
1330,9.4808E-4,1330,9.4808E-4
1340,0.00112465606358528,1340,0.00111224
1350,0.00125154639618397,1350,0.00120356
1360,0.00101130245733261,1360,9.41E-4
1370,0.00140219618434906,1370,0.0012752
1380,0.00145596335682392,1380,0.00130516
1390,0.00133202083900452,1390,0.00118576
1400,0.00147397704162598,1400,0.0013056
1410,0.001345294349823,1410,0.00118984
1420,0.00140040193984509,1420,0.0012342
1430,0.0016570265209198,1430,0.00144928
1440,0.00167941864151955,1440,0.00145064
1450,0.00191535238607407,1450,0.00162908
1460,0.00199563822544098,1460,0.00166896
1470,0.00222058960120201,1470,0.00182084
1480,0.0020939923373127,1480,0.00168152
1490,0.00235475381119251,1490,0.0018494
1500,0.0025085783203125,1500,0.00192768
